评估指标,MaxAbs差异,MICE差异,RF-MICE差异,胜者
相关系数矩阵Frobenius范数差异,2.6045686389760787,3.121586935545864,2.531242457689657,RF-MICE
