指标,列,MaxAbs差异,MICE差异,胜者
相关系数矩阵差异,ALL,2.14809411824241,3.121586935545864,MaxAbs
